review_id;user_id;restaurant_id;review_text;rating;timestamp
1;1;1;âœ¨MANAJEMEN ANTRIAN YANG BURUKâœ¨ Mohon maaf, masalah perut adalah masalah yang sanga sensitif. â€¦;4;27/08/24 02.10
2;2;1;Suasana di restoran A&W ini sangat nyaman dan tenang. Tempatnya bersih, rapi, dan cocok untuk makan bersama keluarga atau teman. Saya merasa betah karena suasananya mendukung untuk bersantai sambil menikmati makanan. â€¦;4;27/04/25 07.17
3;3;1;Tau nggak, mendadak gw kangen restoran ini karna 1 hal. Yak betul, kentang kriwilnya â€¦;5;01/03/25 09.01
4;4;1;Secara tempat sangat autentik;;
5;5;1;Disini ada menu baru yang ternyata sangat enak, meski sama sekali nggak berhubungan dengan menu ayam. Namanya adalah bola-bola durian atau durian balls. Rasa duriannya asli, dengan daging durian asli, dilapisi kulit yang renyah dan crispy. â€¦;3;24/06/25 13.02
6;6;1;dari gua TK gini aja bentukannya, semacam mesin waktu menu tipikal fastfood AW, favorit sih wafelnya;3;20/05/25 23.47
7;7;1;Untuk dekorasi tempatnya sangat vintage sekali, ini berasa lagi di zaman tahun 90s di Amerika. Pelayanan ramah dan cepat sekali. Dan aw ini gak terlalu ramai tidak seperti dulu. Tapi untuk semuanya okey sekali dan pastinya saya akan kembali ke sini lagi;3;20/01/25 11.54
8;8;1;Kebijakannya lucu.. Orang mao beli ala carte harus ditentuin cuma bisa pilih 3 jenis potongan ayam yg sama... Lebih dr 3 ga boleh.. Hadeuuhhh.. Mendingan ke tempat laen bebas pilih potongan.. Yg laen berlomba2 biar bisa survive, yg ini malah nyusahin.. Untung popeye, kfc lebih enak drpd ini;3;30/12/24 09.36
9;9;1;sebenernya pilihan makanan disini enak dan variarif, ga kalah dgn mcd, ayam nya juga lebih enak dari kfc, coba sistem layanan dan desain interiornya mencontoh mcd, yakin bakal jd no 1 di indo, ayo dong A&W bisa;5;22/06/25 15.28
10;10;1;Engga pernah nengecewakan burger AW, Apalagi cheese Burger nya, Atmosfer disini juga asik banget, berasa balik ke tahun 80 - 90an, setting resto â€¦;4;27/03/25 20.31
11;1;2;Outlet ini redup banget, kebanging banget di antara restoÂ² lain. Saya heran masih eksis di sini. Asli redup banget. â€¦;4;23/02/25 13.07
12;2;2;Pesen lama banget... Mohon tingkatkan pelayanan.. Terutama stok ready makanan kan konsep restaurant cepat saji bukan pesen baru masak...;4;21/07/24 22.19
13;3;2;Wendyâ€™s at Pacific Place offers a variety of classic American fast-food items. Their menu includes juicy hamburgers, crispy chicken, and fresh salads. They also serve the Baked Potatoes, Spicy Chicken Sandwich, range of beverages, and â€¦;4;27/07/24 05.30
14;4;2;Kesini di hari kerja sekitaran jam 6.30pm, cukup ramai, pesan paket ayam dengan minum, nasi diganti kentang dengan menambah +5k dan minum saya pilih air mineral. Selesai pesan akan dikasih alarm yang akan bunyi jika pesanan siap. Ukuran â€¦;5;02/07/25 10.40
15;5;2;Kalau pesen di sini harus dipastiin lg deh keluar makanan berapa menit. Katanya 15 menit. Pas di follow up 15 menit kemudian dibilang nasinya masih baru dimasak lagi. Disuruh tunggu 30 menit lagi. Nasinya dikasi duluan ke orang yang udah reservasi walaupun bayarnya lebih telat.;4;04/12/24 08.46
16;6;2;Setelah sekian lama akhirnya makan lagi Baked potato nya Wendys, saus kejunya enak kental, brokoli rada keras, tapi ya oke lah. Makan juga burgernya.;4;09/03/25 20.45
17;7;2;Saya jelas jelas pesan 1 sprite, 1 air mineral, 2 cheeseburger, tapi di recieptnya (dan saya bayar) 2 sprite, 2 air, dan 2 burger. â€¦;5;28/10/24 12.54
18;8;2;Udah lama ga makan fast food cobain wendys pas ke PP ternyata enak burger dan ayam bahkan kentangnya enak tp pas cuci tangan mualll woii jorok banget berjamur gitu di kiri wastafel trus bagian bawah udah kumuh di mall sekelas pacific place â€¦;4;04/02/25 23.42
19;9;2;Mohon maaf teman teman, Lokasi tidak menentukan kualitas :) 1) Di kasih Ayam Kemarin (angetan) â€¦;5;10/10/24 08.34
20;10;2;Tempat makan jorok, pesan ayam di sini sudah dimakan ada kecoa di dalam ayamnya (bagian sela2 paha atas). Pelayanan juga ekstra buruk. Saat pertama komplain gaada permintaan maaf sama sekali, petugas langsung nyelonong masuk dan ngobrol â€¦;5;24/08/24 11.56
31;1;4;Baru kali ini nemu toilet resto bersih banget udh kaya toilet bioskop, good job buat bk pemuda, pelayananya juga ramah banget the best;4;21/09/24 09.32
32;2;4;Bad services! Saya pesan 2 ayam dada spicy dan sudah dikonfirmasi ulang oleh pelayannya.tapi yg di kasih malah 2 nasi, 1 ayam paha atas spicy dan 1 ayam paha bawah original.;5;08/05/25 19.05
33;3;4;Tempatnya luas Parkirannya luas Ada playgroundnya â€¦;5;16/11/24 07.25
34;4;4;Tempat makan paling enk langganan trs dsni pelayanannya juga ramahh mantapp pkok eâ¤ï¸â¤ï¸;4;16/12/24 09.26
35;5;4;Pelayananya ramah banget woy, aku bawel gini embaknya sabar bgt, mantep, semua ok lah;4;30/04/25 19.10
36;6;4;Pelayanan terbaik, tempatnya juga nyaman, ramah, ayamnya enak lagi crispy;4;04/09/24 21.39
37;7;4;Servicenya oke banget, ramah, dan gercep terutama mba Silva Tempatnya nyaman, bakal sering mampir ke sini;4;26/03/25 11.07
38;8;4;Ok. Buat yg bawa bocil, ada mini playground jg;3;16/09/24 16.03
39;9;4;BK yg ini gabung sama Popeyes. Lantai 1 full AC, dan ada playground nya buat anak2 kecil main. Sedangkan lantai 2 nya terbuka smoking area. Buka 24 jam. Sama kayak di McD, disini ada mesin buat self order, tapi kalau mau nanya promo bisa â€¦;4;31/10/24 01.25
40;10;4;Tempatnya nyaman dan porsi ayamnya juara sih. Dan yang paling keren sih tempatnya bersih dan nyaman;3;06/12/24 14.27
41;1;5;"Saus jamur nya enak paraaaaahhh... Rasa ""daging sama ayamnya"" juga mirip banget sama yang asli. Untuk Harga makanannya emang agak mahal, tapi enak :"" â€¦";3;11/06/25 01.40
42;2;5;best vegan burger in town , aku pesen yang isi patties nya terbuat dari chickpeas atau kacang garbanzo, rasanya enak, Dan cukup moist Dan simply seasoning, ga overly tapi juga ga hambar, roti buns nya empuk. every bite of this burger surely â€¦;3;05/12/24 04.03
43;3;5;Pertama kali mencoba Burgreen, rasa makanannya enak. Bagus untuk pemula plant based diet yang kadang-kadang masih suka kangen kuah soto, sate dll.;5;10/09/24 13.11
44;4;5;"Healthy food yet delicious! Mie nya kenyal, kuahnya gurih + ""chicken"" katsunya enakkk banget padahal bukan dari daging ayam sungguhan. Recomended.";5;31/07/24 04.50
45;5;5;Makanan vegan, sehat, dan enak. Tempatnya juga bagus. Semoga suatu saat bisa masuk Shirataki di tempat ini. Semoga ada diskon juga.;4;11/10/24 11.00
46;6;5;Saya selalu suka sama Burgreens. Sudah coba yang di Darmawangsa (beberapa kali), yang di PIM (dua kali) dan sekarang coba yang di PP. Baru tahu kalau ada di PP jadi langsung aja coba ke sini untuk minum bukan makan hehehe. Lokasinya di â€¦;5;03/01/25 16.22
47;7;5;Definisi makan sehat and makan enak. Nyobain chicken teriyaki komplit dengan nasi merah and salad, pas banget! Minumnya air putih dalam gelas. Tempatnya agak nyempil dan kecil ya, jadi siap-siap penuh yaaa;5;27/01/25 23.16
48;8;5;Saya sudah coba Burgreens di Kemang Village & Street Gallery. This one is the best! Tempatnya paling cozy, dengan musik background yang keren! Soal makanannya mah Burgreens selalu konsisten, selalu enak & sehat.;5;13/11/24 11.34
49;9;5;Rendang dan sate maranggi nya top banget!;3;31/07/24 02.22
50;10;5;Untuk yang mau jdi vegetarian wajib bgt di coba . Disini menajikan makanan sehat yang enak banget . Semua dari sayur sayuran dan rasanya enak bgt sama dengan aslinya .;5;25/10/24 05.01
51;1;6;"Pelayannya buruk sekali,nnya ada promo apa tidak jawabnya ""tidak ada"" jelas jelas diIG bilang ada promonya ,, pas makan sm anak disna eh malah dpt ayam yg msh merah ditanya lgi sm karyawannya ktanya ""ayamnya emng seperti itu"" tpi selama saya makan dikfc mna pun gapernah dpt ayam yg seperti itu ,tolong perbaiki lagi pelayanannya";4;22/02/25 21.26
52;2;6;"Anak saya msh kecil. Usia 1.5thn. Lg seneng2nya lari kesana kesini. Ada karyawannya lg ngepel, negor saya buat di jaga anaknya. Negor nya dgn cara yg GK RAMAH ""di jaga anaknya! "", â€¦";4;24/07/24 03.05
53;3;6;Resto cepat saji tetapi setiap dapet order gofood selalu menunggu ayam dimasak, menunggu lama, galayak dibilang makanan cepat saji untuk kfc pondok bambu;5;28/05/25 12.22
54;4;6;Ini beneran 24 jam ga ya kak? Kalo emang engga tolong diedit dong saya bawa mobil jadi ribet ini mau pesen tapi belom buka. Ditingkatkan lagi pelayanan informasi publik nya.;3;09/01/25 18.29
55;5;6;Kalo emang masih belom sanggup buka 24 jam ya jangan ditulis 24 jam. Niat mau pesen breakfast tapi ternyata tutup. Kebelet banget apa mau saingin yang sebelah?;4;29/09/24 06.44
56;6;6;ngelayanin lama banget orderan keluar 8.12 makanan se uprit aja nunggu sampe 8.40 kebayakan bersih2 kalo belom siap nerima orderan online jangan bikin kesel driver ya tolong kuliatas diperbaiki;3;19/03/25 23.42
57;7;6;Parah ini pembohongan publik, ditulis 24 jam jam 9an tapi belom buka. Pantes kalah saing sama McD dan mau bangkrut, kualitasnya beda jauh.;5;13/02/25 14.40
58;8;6;pelayanan karyawannya tolong di tingkatkan lg. kita beli pake voucher yg dikasih dr org kfc lgsg yg sewa di tempat kita dan blm pernah dipake (fyi vouchernya gada masa berlakunya) pas di scan blgnya voucher tdk di temukan dan si mbak kasir â€¦;3;08/09/24 12.00
59;9;6;gak ramah pelayanannya, kok bisa ya pegawai kaya gitu diterima?;5;30/10/24 08.37
60;10;6;Diteriakin suruh bayar parkir, padahal bisa loh baik baik padahal pegawai situ pun bukan, ditolong buat narikin motor juga ngga. itungannya pungli si!;4;27/01/25 04.59
61;1;7;Salah satu resto salad yang rekomen di Jakarta. Menunya bisa diadjustmen, add on, pokoknya sesuai selera. Gak ada yang failed rasanya. Favoritku, Italian BMT wrap and Roast Beef wheat bread. ğŸ¥°ğŸ‘ğŸ¥°ğŸ‘ â€¦;5;08/12/24 03.15
62;2;7;Firsttime kesini dan ogah lagi karena dilayani dengan tidak sepenuhhati, iyasih gue pake promo tapi gagitu juga. Jadi kasirnya nanya pake promo **** ya ka? Gue jawab iye terus kasirnya ngasih kode ke yang buat pesenan pake saku pake nada meremehkan dan kode mata kanan mengedip, bad service bet dah pokoknya mah.;4;13/12/24 15.13
63;3;7;Tempat yang nyaman untuk hangout atau pun meeting. Untuk parkir juga cukup luas sehingga dapat dimasuki mobil. Untuk rasanya enak dengan menggunakan bahan-bahan yang premium seperti sayur dan dagingnya sehingga memberikan experience baru â€¦;3;12/10/24 20.13
64;4;7;Driver ojol nunggu lama orderan masuk ga diproses nunggu driver Dateng baru diproses jadi nunggu lama padahal LG sepi udah sering kali bukan sekali dua kali;5;22/07/24 23.36
65;5;7;Makanan : Standar Subway pada umumnya Layanan : Crew yg bertugas helpful, memberikan rekomendasi makanan best sellernya â€¦;3;04/04/25 13.46
66;6;7;Ini yang kedua, yang pertama nyobain Subway di surabaya. Kali ini di jakarta timur. Kebetulan deket hotel tempat kami menginap. â€¦;5;12/02/25 13.49
67;7;7;Kami datang kepagian sekitar jam 6:30 dan tetap disambut dengan baik, surprisingly langsung boleh order meski beberapa menu belum siap, seperti menu breakfast telurnya belum ada. â€¦;5;27/04/25 20.03
68;8;7;Pertama kalinya nyoba subway, langsung di subway rawamangun yang baru buka. Tempatnya cukup terjangkau dan mudah dicari gajauh dari perempatan besar arion velodrome. Tempatnya cukup luas bisa parkir mobil maupun motor. Namun tempat di â€¦;4;12/06/25 10.15
69;9;7;Staff/kasir kurang baik dari segi service dan attitudenya. Ditambah bikin kesal karena tadi sudah menyebutkan nomer hp/member MAP. TIBA-TIBA YG KELUAR DI STRUK/BILL MALAH NAMA ORANG LAIN. Kalau kerja yang ramah, jujur, fokus, ikhlas dong mbak Vany.;4;07/10/24 19.10
70;10;7;Subway Rawamangun tempatnya strategis di deretan Bank BCA Rawamangun. Tempatnya nyaman, friendly n jadi tempat sarapan ala bule yang cocok untuk saya. Favorit saya kalau sarapan pagi di sini Garlic bread dengan Tuna Garlic. Kami juga pesan â€¦;4;20/12/24 08.50
71;1;8;Dari dulu nungguin Taco Bell masuk Indo, pas udh sampe Indo ga terlalu antusias haha. Taco Bell yang di Senopati ini tidak terlalu rame. Untuk menu Taco-nya prefer yang soft taco, sizenya ga terlalu besar, tapi okelah. Nacho Chipsnya enak. â€¦;3;28/04/25 23.34
72;2;8;Untuk cemal cemil buatku sih cukup pricey dan rasanya biasa ğŸ™ğŸ¼ sepertinya memang tidak cocok di aku â€¦;4;12/12/24 00.48
73;3;8;Seneng banget akhirnya bisa ke sini juga. Tempat yang didamba dambakan. Makanannya enak. Tidak diragukan lagi. Cuma itulah mehong. Tapi kalo ke Jakarta aku mau ke sini lagi. Taco best!!;3;06/01/25 00.18
74;4;8;Top pokonya, toilet bersih, ramah, makanannya lumayan enak;5;06/08/24 17.10
75;5;8;Untuk suasana, cukup adem dan sedikit redup pencahayaannya sehingga mata mennjadi nyaman. â€¦;5;28/04/25 23.32
76;6;8;selalu ga failed pesan Friesnya. Berbumbu dan renyah. Kayaknya menjadi favorite french friesnya setelah A&W. semuanya menu sesuai ekspektasi dan layanannya terbaik. â€¦;4;25/06/25 09.45
77;7;8;Tempatnya luas ya buat nongkrong atau bikin acara show dgn komunitas, klo makanannya enak2 ya terutama taco dan burrito serta minuman yg segar2 rasanya. Utk yg musmim jsngan khawatir mau sholat ada musholla di lt 2 y;3;27/03/25 06.50
78;8;8;Memang telat sih, sejak Taco Bell buka di Indonesia baru Januari 2023 gue mampir untuk test food dan review, soalnya males banget kalo crowded, dan juga males banget order via aggregator karena kepengen masih crunchy. â€¦;4;27/12/24 22.15
79;9;8;Aku cobain yang soft tacos nih, sesuai namanya kulit taconya soft dengan isian sayur yang fresh, ada kejunya juga tapi bukan tipe keju yang melted, terus buat dagingnya ada crispy chicken, ada sausnya juga. Pesen yang paket komplitnya udah â€¦;5;28/09/24 22.18
80;10;8;Pertama kali coba taco/burrito, dan lumayan cocok di saya. Bisa dibilang mirip kebab namun beda di penyajian dan isian. Taco yg saya beli ada isi ayam atau daging, menurut saya lebih enak yang ayam. Dalam satu taco berisi ayam/daging, serta â€¦;3;25/04/25 01.03
81;1;9;"Tempatnya luas bersih,pelayanannya juga oke banget dan makasih kaka"" mcd udah kasih semangat paling mentok dipesanan birthday party ğŸ¥³ â€¦";5;25/12/24 02.08
82;2;9;niat mau suprise party disini ehh gjdii krna kepala McD disitu g bolehin nitip barang buat nnti di ksii padahal mau sekalian bayar makanan nyağŸ‘ğŸ‘ di tempat lain justru bisa lucuuu â€¦;5;03/09/24 05.07
83;3;9;Tempat makan dan kongkow yang cukup nyaman dengan berbagai kelebihan fasilitas. Diantaranya adanya musholla, drive thru, tempat ultah, arena bermain anak, parkir yang cukup luas, ruang khusus perokok dan lain sebagainya. Tapi ada kekurangan â€¦;4;06/12/24 11.14
84;4;9;tempat terbaik untuk sarapan pagi sekalian ngopi;3;24/09/24 09.11
85;5;9;Pesen online delivery ga dikasih sauce dan sedotan, cek lagi lah kelengkapan nya sebelum di kirim;4;20/07/25 12.10
86;6;9;Ok sihh.. Kmren msh ppkm kli yah pesen mesti pakai masker. Berhubungan bocil ga make jd make di luar. Cuma buat cuci tangan nya ga bisa ğŸ¤£ yaudh lahh. Tp Pelayanan baik smua â€¦;5;08/06/25 12.19
87;7;9;Hanya Satu Lantai. Mengakses tempat ini bisa menggunakan transportasi umum resmi DKI Jakarta yaitu Transjakarta Mikrotrans JAK.02;3;25/04/25 03.26
88;8;9;Tempat pas di pinggir jalan raya, tdk terlalu padat, bersih, tempat parkir luas, ada Drive thru juga. Pokoknya cocok untuk keluarga juga...aman juga. ğŸ™ğŸ™ğŸ‘ğŸ‘ â€¦;4;22/05/25 10.51
89;9;9;McDonald Pondok Bambu cukup luas juga gerainya. Masuk harus antri karena ada pembatasan pengunjung untuk pemesanan. â€¦;3;14/07/25 21.43
90;10;9;Ayam nya kecil banget, sayap tulang doang, ga layak, pdhl harga normal. Karyawannya baik2 si ramah dan gercep. Lantai kotor beda sm mcd yg lain.;3;12/11/24 23.37
91;1;10;Salah satu gerai KFC ikonik dan favorit. Tempatnya jadi 1 dengan PFN. Area duduk banyak pilihan. Display KFC cafenya keren. Parkiran luas.;5;14/05/25 00.44
92;2;10;Tidak ada struk makanan nya, hanya struk edisi Mandiri, info dari kasir nya yang standby di drivethru section jam 19:00, bahwa payment nya tidak bisa pakai Flazz (BCA) apakah itu benar?;5;08/06/25 12.29
93;3;10;Semalam tgl 03 Juli 2024 ke KFC Otista. Sambil kongkow dan liat suasana pas malam. Ternyata makin malam makin rame pengunjungnya. â€¦;4;20/01/25 14.34
94;4;10;Tempatnya enak bgt. AC nya dingin, lantai, meja, dan toiletnya bersih, sabun cuci tangan juga tersedia. Pemesanannya via QR code yang diberikan oleh staff ke meja. Lanjut bayar non â€¦;3;14/06/25 17.54
95;5;10;Ini serius KFC begini? Ga liat ada rambut dimakanan ?;3;17/12/24 03.43
96;6;10;Beli voucher kfc di tiktok dapet harga 13 rb terus pas sampe KFC kena charge 2 rb bukan masalah nominal tapi gadijelasin charge apa;5;30/09/24 22.25
97;7;10;Mesenn lewat grabfood, Jujur hampir 1 jam setengah nungguinnnnnnnnn Harusnya setengah 10 ready, mundur jadi setengah jam 11, mundur lagi jadi jam 11 â€¦;5;22/06/25 00.19
98;8;10;Pelayanannya selalu memuaskan. Ramah dan sangat menghormati customer. Sy seneng beli disini dan sudah bbrapa kali. Tempatnya pun nyaman dan bersih;3;15/10/24 08.25
99;9;10;Kalo kerja yg professional aja, saya lagi ngomong malah ngobrol sm pegawai lain sampe harus saya panggil kencengan;5;23/04/25 12.24
100;10;10;Terima kasih jg atas kejujuran karyawan kfc otista yg sudah menemukan Hp suami saya, yg baru sadar hpnya hilang Tp setelah ditelusuri hp sudah diamankan karyawan KFC. Alhamdulillah Skali Lg saya dr Bekasi banyak2 terima kasih. ğŸ™ğŸ™ â€¦;5;17/04/25 11.08
111;1;12;First Time Buruk, Pesen Menu Yang Di XBanner Kasir Malah Input Yang Lain. Dengan Alasan Menu Ini Lebih Murah. Kan Customer Yang Mau. Malah Mesen Sesuai Kemauan Staffnya. Tissue nya Kosong Pas Ambil Makanan. Estimasi Bikin Pesenannya Lumayan Cepet. Overall â­â­;5;20/09/24 12.13
112;2;12;Lagi promo, 2 ayam 2 nasi 2 minum cuma 45.000 + PPN.. over all oke lah kalo KFC...pelayanan nya sesuai dengan standarisasi mereka...makanan yg tidak pernah hilang dr masa ke masa...;3;31/05/25 18.06
113;3;12;"Kasir goblok"", beli yg di banner ditanya yg lain"" bikin bingung. Pesan yg dibilang malah ga dimasukkin. GOBLOK banget. Paraaah. Mie Goreng Lembek. Hadeeeeh niat mau nyobain nasi uduknya malah ga ada dibilang blom siap. Telur ga ada belum siap. Sebaiknya persiapkan sebelum buka.";5;11/05/25 06.21
114;4;12;Pelanggan tidak dihiraukan dan tidak ada prioritas nomor antrian. Makanan lama sekali keluar sudah lebih dari 30 menit dan masih alasan 15 menit lagi keluar.;5;22/07/24 02.21
115;5;12;apa si ini ibu2 waiters nya kok promo bs beda2 nanya di tiktok ga ad minimal disini ada minimal coupon buy back ny ktny sluruh outlet;5;13/02/25 09.57
116;6;12;Berkunjung dihari Minggu suasana sangat ramai pelayanan ramah cepat boleh geser geser bangku sambel bisa sepuasnya meja selalu bersih stock menu selalu ada pelayanan cepat;4;24/05/25 07.59
117;7;12;Klo ada promo makanan tuh makanannya di prepare ya. Dr bayar sampe makanan ready hampir 1 jam. Gausah promo klo emang lama, yang ready cuma nasi. Tau gitu gw beli yang biasa klo bisa lebih cepet. â€¦;5;01/05/25 23.56
118;8;12;KFC City Plaza enak buat nongkrong, tersedia juga outdoor buat smoking area, suasana enaklah khas mal, cukup bersih dan lumayan ramai, juga strategis karena di tepi jalan raya, parkiran berbayar memadai baik roda dua maupun untuk roda empat;5;04/11/24 09.45
119;9;12;pelayananya bad banget diantara seluruh gerai kfc! 1. Bilangnya paket gratis CD ternyata distruknya saya bayar 40k buat lagu gajelas awokaowk (dikibulin). â€¦;3;23/12/24 20.43
120;10;12;#Makanan ***** standart KFC store lainnya jg sama #Layanan **** front kasir good cekatan walau terkesan jutek. But not problem #Suasana **** suhu d KFC sama suhu d mallnya ademan d mall. Bisa kocak gini â€¦;4;05/01/25 23.53
121;1;13;Pelayanannya bagus dan ramah, tempatnya bersih ğŸ˜ â€¦;4;12/06/25 09.05
122;2;13;Tenang dan bersahabat, tgl 8 kemarin kami merayakan ultah anak kami, dan terkesan sekali dg pelayanannya;4;07/04/25 00.40
123;3;13;Terbaik sih, pelayanan nya baik, karyawannya ramah, tempatnya bersih, dan yang paling penting toiletnya bersih dan wangi ğŸ¥°. Semoga terus dipertahankan ya, sukses selalu burger king pondok bambuğŸ˜Š â€¦;5;22/03/25 10.57
124;4;13;Tempat mkn nya masuk ke dalam, ambil karcis dulu. So far nyaman sih tempat buat kongko atau makan bersama keluarga pasti ok bgt.;4;24/06/25 04.40
125;5;13;Disaat hujan mampir ke burger king pondok bambu... Pas banget tempatnya nyaman harga bersahabat... Burger enak pelayanan cepat dan ramah... Terimakasih burger ki g;5;16/02/25 16.18
126;6;13;Pelayanan ramah , tempat nyaman , makanan enak;5;29/10/24 00.38
127;7;13;Best banget pelayanannya. Dan tempatnya nyaman Rekomen nih buat yang mau makan dan rayain ulang tahun disini.;4;05/08/24 13.56
128;8;13;Berkunjung sehabis jam berjam sore nya mampir ke Burger King pondok bambu tempat makannya nyaman pelayanannya bagus, petugas antusias;5;09/04/25 00.03
129;9;13;pelayanan ramah dan tempatnya sangat memuaskan;5;04/06/25 14.33
130;10;13;Pelayanan nya good sekali , tempatnya bersih , kk nya baik2 rekomend bgt mkn disini;4;25/11/24 18.10
131;1;14;Kalau gak niat sediakan minuman mineral gak usah dipasang atau dipajang dispenser nya....;4;23/07/24 11.14
132;2;14;Untuk rasa dari hokben gw emang dah suka. Dari gw SD sampai sekarang emang konsisten. Tapi untuk hokben kitchen atau express kenapa ya dagingnya lebih kering dari hokben restonya. Pelayanan emang oke..;5;11/12/24 18.55
133;3;14;Kenapa mesti di masak dulu sampai nunggu 40 menit kan seharusnya sdh ready ğŸ‘ â€¦;4;18/04/25 02.34
134;4;14;Apah semua HokBen seperti ini,. Kalo ada orderan ojol tidak langsung di buat kan,. Dan harus menunggu lama.. menuju resto itu butuh waktu macet macetan pula,. Sampai resto belum langsung di bikinin..;5;13/12/24 05.16
135;5;14;karyawan nya baik baik banget ğŸ˜ğŸ¤­ nyari promoaan shopee yang serba seribu . Dilayanin dengan baik ğŸ˜Œ sukses selalu HokBen otista terimakasih ğŸ™ğŸ™ â€¦;5;26/08/24 18.35
136;6;14;Pelayanan bagus respon cepat pelayan ramah;4;02/11/24 18.14
137;7;14;Pelayanan nya baik dan ramah;3;17/04/25 08.21
138;8;14;Pelayanan lama saya mesen lwt driver ga jdi2.. Smpe saya surh foto drivernya untuk ngeyakinin. Tp trnyta bnr... Lelet karyawannya. 13/12/2024;5;07/01/25 02.21
139;9;14;aku dapat pelayanan baik di store ini saya suka;3;05/10/24 18.26
140;10;14;Mantap pelayanan cepat;4;19/10/24 15.56
141;1;15;Tolong ditegur petugas kebersihannya untuk berlaku sopan, ukuran tempat makan yg minim di jam makan siang dengan ramainya pengunjung baru melakukan pengepelan, sedangkan akses ke tempat cuci tangan hanya 1 jalur pasti lantai yg sedang di â€¦;4;06/10/24 16.47
142;2;15;Jauh-jauh dari blok M untuk cobain richeese satu ekor, sempat pilih yg terdekat di Matraman tapi ternyata kosong. Akhirnya mampir ke sini, langsung ada dan cepet banget, ini nilai plus banget karena Richeese di daerah koja bisa sampai satu â€¦;3;10/08/24 20.11
143;3;15;tempatnya nyaman, bersih, dinginn. ayamnyaa juga enakk pelayanannyaa ramah dan baikk, bakal balik kesini lagii ğŸ˜âœ¨ â€¦;4;11/11/24 17.04
144;4;15;Makan dine in, ga ada masalah enak enak aja ga ada masalah. Ayam enak ga ada complain sih, parkiran luas, posisi ada dipinggir jalan jadi mudah di temukan. Ac nya dingin banget wkwkwk jadi mengigil pas makan apalagi pas ujan, udh itu aja Terima kasih;4;16/01/25 23.43
145;5;15;LELET STORE SEPI KAYA GINI NUNGGU NYA AMPE 1 JAM ,KALO KERJA YANG BENER !! ANTRIAN ONLINE LO LONGKAP SAMA OFFLINE , MASIH BANYAK YANG MAU KERJA,KALO GAK NIAT MENDING TIDUR DIRUMAH BOS;5;28/02/25 06.06
146;6;15;Selalu suka combo fire 1, tapi cuman kuat level 1 karena pedes banget. Tempatnya juga luas parkiran mobil cukup lebih dari 3;4;21/06/25 10.24
147;7;15;P3layanan nya bagus, ramah. Langganan di sini. Special kalo yg layanin mba lutfiy, full senyum. Makasi yaa;4;22/06/25 00.11
148;8;15;Tidak begitu ramai jadi antrinya sebentar Suasana lumayan untuk nongkrong Parkiran cukup luas hanya kurang terang saja Tapi sayang wastafel sama kamar mandinya kurang bersih;5;07/05/25 04.41
149;9;15;kenapa harus nunggu ojol baru dateng, baru di input itu orderan??? lu pikir yg beli di online ga pake duit??? KNP???? itu yg bikin lama driver.. ga ada otak, nyusahin orang.. ga bakalan berkah.. itu alasan apa nunggu driver dlu baru di â€¦;3;10/04/25 09.33
150;10;15;ORDER MALAM2 VIA GRABFOOD SUDAH 2 KALI MENGECEWAKAN, TERMASUK ORDERAN SEMALAM! SAYA PESAN DENGAN NOMINAL YANG GAK SEDIKIT, YANG ARTINYA SAYA PESAN JUGA KARNA UNTUK MAKAN ORANG BANYAK, TAPI INI SUDAH KE 2 KALINYA SAYA PESAN MENU 5 AYAM â€¦;4;11/12/24 06.17
171;1;20;Tgl 10 juli 2025 jam 21.00 untuk kasir loket penukaran voucher tiktok selalu bilang habis untuk menu sphagety tolong kalau niat kasih promo yg jelas saya sudah berkali kali datang antri panjang gabisa di tukar untuk menu sphagety nya tolong di perbaiki kembali pelayanan nya terimakasih.;3;02/12/24 02.58
172;2;20;Belum pernah coba masuk, tapi ini kelihatannya KFC terbesar yg pernah saya jumpai. Gedung 2 lantai ini juga punya parkiran area yg bisa dibilang sangat sangat â€¦;4;20/06/25 20.18
173;3;20;Minggu, 6 Juli 2025, jam 10.30 wib ke kfc ciracas gelael excited mau tukerin voucher tiktok tapi sayangnya di sambut sama pelayanan mbak2 jutek, herannn, padahal saya pake voucher tiktok juga bayar atuhhh, bukan free, lagian mba nya juga â€¦;4;18/12/24 10.08
174;4;20;Minggu, 13 Juli 2025, jam 5 sore ke kfc ciracas mau tukerin voucher tiktok tapi sayangnya di sambut sama pelayanan mas2 jutek bgt kayak keberatan bgt melayani pelanggan yg menggunakan voucher, herannn, padahal saya pake voucher tiktok juga â€¦;5;23/05/25 18.00
175;5;20;Makanan bersih sehat. Layanan prima suasana rumahan penuh kekeluargaanğŸ«° â€¦;4;03/12/24 21.50
176;6;20;Gabisa scan qr di hp lain, padahal biasanya di resto lain bisa Padahal jelas2 di vcrnyapun bilang â€œscreenshootâ€ kalo ss di hp sendiri atau hp lain lan sama aja hmmmmğŸ˜ª â€¦;3;17/04/25 14.17
177;7;20;dua kali kesini yang pertama pesen paket komplit1 yang di input komplit 2 belum selesai nnya soal menu udah di potong omgnnya, pelayanannya juga jutek banget;5;23/08/24 10.43
178;8;20;Tempat nya nyaman.. ada tempat bermain anak di dalam resto;5;19/12/24 20.19
179;9;20;Pelayanan kasirnya sangat buruk terutama atas nama Melda, sekedar menanyakan baby chair tp jawaban nya tidak helpfully di bilang suruh cari sendiri & hanya ada 2 mentang2 self service..;3;14/12/24 13.57
180;10;20;Tempatnya enak Adem ada AC nya gede 2 bget Ada pukis nya juga enak apalagi yg rasa original bikin nagih â€¦;5;13/05/25 18.00
181;1;21;Baru kali ini makan Ayam KFC potongannya sekecil ini tidak seperti biasanya, lebih besar ayam yg dijual dipinggir jalan. Tidak worth it dengan harganya. Tolong kalau ukuran tidak standar jangan disajikan ke tamu. Ayamnya jg kurang fresh.;5;05/02/25 23.29
182;2;21;Meskipun restoran berada di dalam bandara tapi harganya masih terjangkau dibamding restoran yang lain. Cocok banget buat dine-in selagi nungguin boarding. Bersih dan cukup luas.;3;17/12/24 10.57
183;3;21;Kfc di Halim ini Buat nunggu grab atau jemputan drop point nya ya dekat dekat KFC ini, cm di dalam gak begitu dingin AC nya. Ayam krispy tetap paling enak di bandingkan original. â€¦;5;07/12/24 04.21
184;4;21;Pilihan terbaik saat lapar, harga terjangkau makanan sudah pasti cocok di lidah kita org indonesia. Lokasi diujung dekat halte damri dan depanya langsung pangkalan taxi puskopau. â€¦;5;06/09/24 12.00
185;5;21;Lokasi restorannya strategis banget.;4;25/12/24 12.00
186;6;21;Seperti kfc pada umunya. Tapi entah kenapa ngerasa yg disini kurang tasty. Cuman kerasa asin aja. Ga keluar aroma rempah rempahnya. Buat tempar lumayan luas jd kalau nunggu penerbangan sama kedatangan luamayan juga disini. Kalau tidak cukup ada tempat lagi dibelakang;5;28/02/25 05.10
187;7;21;tempat makan paling sering saya kunjungi klo nunggu pesawat di halim.... selain ruangnya luas pelayananya juga baguss. dari kedatangan tinggal kekiri dipojokan dekat tempat antri taxi atau grab pick up;5;09/06/25 04.55
188;8;21;Tempatnya nyaman , ayamnya gurih dan enak.;4;29/12/24 00.21
189;9;21;Pilihan utama saat lapar dengan harga yg terjangkau drpd lainnya wkwkkwk;3;16/05/25 17.54
190;10;21;Enak si tp knp hbs mkn ini aku jerawatan parah ya;5;21/02/25 16.48
191;1;22;Sorry saya review di sini padahal ordernya di Shopee. Saya order large beef kebab sama small chicken kebab, tapi yang dateng malah beef semua. ğŸ‘ Bacain review lain ternyata ada yang ngalamin hal yang serupa juga, berarti ini toko gak â€¦;5;30/01/25 17.42
192;2;22;The service is too long. Asli lamaaaa banget. pesen 1 ramen aja take away lama. â€¦;4;08/07/25 17.11
193;3;22;Rekomendasi kebab yang buka 24 jam di Pisangan Baru, Jakarta Timur. Disini menyediakan 2 jenis kebab, yaitu beef dan juga chicken. â€¦;3;16/05/25 01.43
194;4;22;saya sering banget pesen disini, baru kali ini kecewa karna pesen chicken meat yg dibikin malah beef. hufttttt bukannya ga bersyukur tp saya kebetulan kurang suka dagingğŸ™ğŸ™bingung mau complain kemana karna ga ada gmail atau kontaknya, terima kasih semoga ga terulang lgi ya. â€¦;5;07/02/25 12.22
195;5;22;Buka 24 jam penyelamat lapar malam atau pagi hari yg mau sarapan cepat. Dibuat dari bahan2 premium terasa saat dimakan dagingnya terasa fresh. Packaging juga premium, sehingga saus tidak mengotori pakaian;4;06/10/24 02.45
196;6;22;Jangan pesen order disini dah, lama. Cari tempat lain aja. G heran review lainnya jg begitu.;3;13/06/25 19.10
197;7;22;Selalu beli via online, fast banget belum ada set.jam order udh sampai. Kebab premiumnya enak, beefnya ga pelit, kebabnya ga bikin eneq, sosisnya enak, â€¦;4;12/03/25 21.31
198;8;22;baru sekali beli di pisangan ini, biasanya beli yg di tebet tapi pesenan punya aku ga sesuai, ini beli 2 varian mozzarella, tpi 2 2 nya ga ada mozza samsek, entah pesanan ketuker atau emng ga dipakein, tapi kecewa bngtt ğŸ˜” â€¦;3;31/03/25 18.48
199;9;22;Kebab yang udah jadi langganan beli online maupun on the spot. Pelayanan cukup ramah dan ga pernah ngantri krn seringnya beli pagi buat sarapan jadi masih sepi krn ini kebab buka 24 jam...harga mulai 19rban. Udah nyobain cream cheese, spicy â€¦;3;30/09/24 11.41
200;10;22;selalu pesen dr apk oren, gapernah sama pesenannya. awal2 selalu kasi bintang 3, krn oh ydh dikasi sayur apa salah ngasi tanda pedes/gapedes nya. tp kli ini beneran bkin bt dah beneran yg salah 2 2 nya beneran kebalik kecewa bgt;4;05/04/25 00.04
201;1;23;Tempatnya luas dan besar. Playground tinggi 4 lantai dan besar. Makanan standard kfc di semua outlet. Tp pergi ke bagian coffee, wastafel berantakan, dan makanan pukis/donut di taruh di ruang terbuka, tanpa penutup. Toilet tempat anak saya â€¦;5;10/12/24 05.56
202;2;23;Area makan yg ada arena bermainnya anak2 acNya panaaasss bgt, komplain berkali2 sm kasir tp tdk adaa tindakan. Pikir dong disini kan banyak aktifitas baik anak maupun orangtua yg sembari jagain anak bermain harusnyaaa disini sama rata dengan area depan yg dingin. Suhuu AC kok smpe 27 derajat, gilaaa siihhhh;5;26/12/24 19.37
203;3;23;Pelayanan ga baik mentang mentang beli pake vocher tiktok kasirnya judes bgt parah iya tau gua dia cape tapi ngelayaninya ga gt jga kali payah ga lagi lagi beli di sni;4;13/07/25 17.22
204;4;23;Pelayanan online lemah, mentang2 ojol , dicuekin wkwkwk, sombong bngt karyawannya. Baru ge karyawan duhh;4;11/01/25 04.40
205;5;23;Datang ke acara ultah temen disini. Walaupun kita bukan anak kecil lagi, tapi ga kalah serunya;5;14/10/24 01.06
206;6;23;nyaman banget tempatnya, cuman emang kurang suka si sama paket ayam dan burgernya. tapi lumayan lah buat nongki dikit. malam minggu suka ada live music gituu;3;27/09/24 00.35
207;7;23;Mas yg menyiapkan makanan next berbahasanya yg lebih baik lagi ... masa smp keluar kata2 tangan kita cuma 2 sedang situasi ga ramai dan saya minta tolong dengan alasan baik2 bukan minta segera semua selesai ... lagian juga bukan anda yg â€¦;4;20/09/24 16.01
208;8;23;"tolong marahin orng yang jualan pake gerobak udah malu maluin ,ada turis yg di rasis in sm dia pake kata ""sumber air su dekat""";5;17/03/25 23.21
209;9;23;Month of visit: Sept 2022 Kesini pas malam minggu dan rame paraah sih, apalagi playground anaknya (maaf â€¦;3;20/12/24 14.01
210;10;23;Beli ayam goreng nasi disini, lokasi dekat rumah. Parkir ada.;4;29/11/24 12.25
221;1;26;Ke sini makan dengan keluarga, pelayanannya cepat, makanan keluar berbarengan namun masih hangatt, Sub nya enak, porsinya pas. Yg 6 inch di potong 2 juga jadi lebih mudah untuk makannya. â€¦;4;27/05/25 03.24
222;2;26;Great quality of food dan ada menu nasinya juga. Parkirnya luas dan tempatnya bersih.;4;08/08/24 13.27
223;3;26;Kondisi sepi, dari sekian banyak meja, cuma ada 1 yg terisi. Pegawai nya saya lihat juga cuma 2. Saya pesan sandwich cheesy steak dengan roti brioche ukuran 6 extra cheese (Rp85k), roasted sesame wrap (Rp50k), thai green curry (Rp45k). â€¦;4;25/10/24 17.12
224;4;26;Saya baru saja mengunjungi Subshack Pemuda dan pengalaman makan saya sangat memuaskan! Dari saat saya masuk, pelayanan yang ramah langsung menyambut saya. Restoran ini bersih dan nyaman dengan suasana yang hangat. â€¦;3;29/01/25 02.26
225;5;26;Setelah jadi Subshack, udah ga ada menu sandwich+americano yang enak itu ğŸ˜­ menu breakfast sekarang nasi dan pasta spaghetti... Enak juga sih, cuma untuk pagi agak berat ya â€¦;4;02/07/25 19.14
226;6;26;Sudah beberapa kali kesini dan sudah ada menu menu baru. Kali ini nyoba Creamy Truffle Pasta dan Thai Green Curry. Rasanya enak, porsi lumayan, harga terjangkau. Service disini juga OK. Pelayan nya cukup sigap dan helpful ğŸ‘ğŸ‘ğŸ‘ğŸ‘ â€¦;4;17/09/24 16.11
227;7;26;Beli yg Traditional, banyak olivesnya!!ğŸ‘ rasanya so so lah. Sama Thai Green Curry, rasanya nanggung sih, porsinya gede! Buat ibu2 kyknya kebanyakan. Kursi mejanya banyak, ac nya dingin, luas dan enaknya SEPIğŸ‘ gak bising sama musik atau org ngomong, pdhl kesini hari Minggu â€¦;4;18/11/24 02.19
228;8;26;Baru pertama kalinya nongkrong disini. Tahu nama Quiznos dari film 21 Jump Street, tapi baru tahu ada outletnya di Rawamangun. â€¦;5;25/06/25 10.37
229;9;26;Pelayannya informatif dalam edukasi menu. Pesan zesty steak dan steak cabe ijo, kami makan dengan puas. Eksekusi daging steaknya empuk untuk dimakan ibu saya yang lansia. â€¦;3;18/12/24 11.16
230;10;26;Makanannya enak, lopenya juga enak, tampaknya enak buat nongkrong sambil kerja kl lagi sepi tempat nya, udh langganan di cabang rawamangun;3;11/06/25 16.28
231;1;27;Cashier gak ada confirm kalo ayamnya sedang dimasak(tidak ready). Hanya menerima pesanan. Menyiapkan 1 pesana customer aja lebih dari 15 menit. Lelet.;4;25/11/24 12.25
232;2;27;dari dulu sikap terhadap driver selalu ketus, padahal driver juga antar pesanan pelanggan mereka giliran ada yg take way sikapnya berubah sangat ramah, pelayanan sigap coba klo driver ug ambil pesanan disana ketus,judes lelet pantes sepi.;4;03/06/25 21.20
233;3;27;MBA BILQIS TIDAK ADA ATITTUDE NYA MENANGANI CUSTOMER, JIKA MEMANG TIDAK BS PAKAI VOUCHER JAWAB/RESPON DENGAN NADA YANG BAIK DAN SOPAN. BUTUH TRAINING HANDLING COMPLAIN YANG BAIK DAN BENAR;4;29/01/25 17.25
234;4;27;Dari 2018 sampai skrg ga ada perubahan resto sepi tetep aja lama manejemen nya ke manah ini resto lelet seperti ini di diamkan aja;5;19/11/24 14.04
235;5;27;Best service KFC rawamangun square, cabang lainnya MALESSS BANGET JUTEK SEMUA & TULALIT !!;3;13/01/25 07.16
236;6;27;mba kasirnya ramah jdnya enak milih menunya terus masnya nyapu mulu jd bersih areanya dan ada ulang tahun juga disini;5;02/10/24 13.52
237;7;27;Kfc Rawamangun Square ini ada di lt dasar..terlihat langsung dari jalan..tempatnya enak..nyaman dan tidak terlalu ramai..mau beli paket goceng, tapi di kfc rawamangun square ini tidak bisa take home pay..kecewa sih..karena memang penginnya dimakan dirumah bukan makan di kfc nya...ğŸ˜ğŸ˜ â€¦;5;04/03/25 01.43
238;8;27;Hari ini mencoba chicken ball nya... gurih, crunchy....;5;28/04/25 11.29
239;9;27;Layanannya baik dan protokol kesehatan dijalani. Kemasannya pun bersih dan sekarang plastik diganti kertas untuk membungkus belanjaannya. Cuma porsinya makin sedikit ya KFC ğŸ¤­ğŸ˜† â€¦;3;27/07/24 23.19
240;10;27;Tempat bersih, luas, parkir juga gampang. Sayangnya pencahayaan mungkin bisa ditingkatkan supaya ga terlalu gelap, dan AC nya pun kurang dingin.;5;13/09/24 06.19
241;1;28;Datang sekitar jam 10 malam, 1 jam menuju restoran tutup dan pegawai mulai beres-beres. â€¦;4;05/11/24 10.03
242;2;28;Pelayanan nya judesss polll karna aku bawa bocil terus makanan nya ga habis karna pesen lumayan banyak untuk aku sama suami doang akhirnya aku minta di take away aja sisa nya yg masih utuh dan di suruh bungkus sendiri cuma di kasih box 1 doang keju nya di biarin tumpah2 di satuin sama box nya ya ampun ğŸ˜­ğŸ˜­ğŸ˜­ â€¦;5;09/01/25 23.18
243;3;28;Satu kata. Pertahanin. Itu mbaknya yang pakai rompi hijab an managernya keknya baek banget, ramah dan humble kalau bisa di angkat jadi kartab hehe. Pelayanannya uda bagus kualitas makanan dan sayangnya gw lupa kaga lihat name tagnya.;3;07/02/25 00.40
244;4;28;Sorry banget, baru kali ini dapet pelayanan jelek banget dari Richeese. Saya beli 2 paket yang level 0 dan 3. Dan yang ngambil makanan pacar saya. Saya â€¦;5;03/11/24 08.42
245;5;28;Richeese Factory Kalimalang Tampilan secara umum sama dengan Richeese Factory pada umumnya. â€¦;5;05/08/24 01.15
246;6;28;tempatnya enak, ramah juga pokoknya woth it banget deh, jangan lupa dateng kesini yaw!!!;3;11/05/25 14.59
247;7;28;Tanggal 11 maret 2025 sore, yang tugas pria..tolol banget, dah gua bilang jangan lupa saus kejunya...nggak dikasih juga...gua dah tanya...lengkap? Sudah tinggal bawa aja jawabnya..padahal bisa kayak mcd...bisa check bareng lagi .. ...order gua nomer 90 ...cabang richeese pelayanan terburuk...;5;10/03/25 19.29
248;8;28;pelayanan oke bgt, mba nya ramah.. dan yang pling oke fire chicken-nya enak puoool;4;20/11/24 09.55
249;9;28;Favorite banget kalau udh soal makanan yang satu ini, kyk nya banyak yang setuju juga sih sm aku kalau recheese itu saos berbeque dan keju nya gaakan ada yang bisa nyamain apalagi ngalahin, karna beneran seenak itu woi! Wkwk â€¦;5;05/08/24 06.10
250;10;28;Restoranya bersih, pelayanan yang ok prodaknya juga enak2 thebest lah pokonya;5;16/04/25 00.13